{
  "validation": {
    "accuracy": 0.8059701492537313,
    "precision": 0.7468354430379747,
    "recall": 0.7564102564102564,
    "f1": 0.7515923566878981,
    "roc_auc": 0.9034813425057328
  },
  "test": {
    "accuracy": 0.8560975609756097,
    "precision": 0.7941176470588235,
    "recall": 0.8490566037735849,
    "f1": 0.8206686930091185,
    "roc_auc": 0.9293141897817535
  }
}