{
  "best_threshold": 0.17,
  "baseline_test": {
    "accuracy": 0.8560975609756097,
    "precision": 0.7941176470588235,
    "recall": 0.8490566037735849,
    "f1": 0.8206686930091185,
    "roc_auc": 0.9293141897817535
  },
  "tuned_test_default_th": {
    "accuracy": 0.8658536585365854,
    "precision": 0.8058823529411765,
    "recall": 0.8616352201257862,
    "f1": 0.8328267477203647,
    "roc_auc": 0.9309930090956927
  },
  "tuned_test_best_th": {
    "accuracy": 0.7804878048780488,
    "precision": 0.6455696202531646,
    "recall": 0.9622641509433962,
    "f1": 0.7727272727272727,
    "roc_auc": 0.9309930090956927
  },
  "best_params": {
    "n_estimators": 900,
    "max_depth": 5,
    "learning_rate": 0.03,
    "subsample": 0.7,
    "colsample_bytree": 0.6,
    "min_child_weight": 5,
    "gamma": 0.0,
    "reg_lambda": 5.0
  }
}